{
    "lineups": [
        {
            "spot": "heaven",
            "origin": {
                "x": -1559.969971,
                "y": -728.79303,
                "z": 52.098
            },
            "view": {
                "x": -33.659801,
                "y": 96.319603,
                "z": 0
            },
            "nade": 2,
            "type": "throw"
        },
        {
            "spot": "door connector",
            "origin": {
                "x": -1429.621948,
                "y": 412.279999,
                "z": 20.457565
            },
            "view": {
                "x": -26.138,
                "y": -102.691002,
                "z": 0
            },
            "nade": 3,
            "type": "throw"
        }
    ]
}